idannonce,url_annonce,idagence,idtiers,idPublication,type_annonceur,typedebien,naturebien,typedetransaction,codepostal,codeinsee,ville,idQuartier,nomQuartier,adresse,etage,surface,surface_terrain,nb_chambres,nb_pieces,idtypechauffage,idtypecommerce,idtypecuisine,prix_bien,prix_maison,prix_terrain,mensualiteFinance,si_balcon,si_sdbain,si_sdEau,balcon,eau,bain,dpeL,dpeC,mapBoundingboxNortheastLatitude,mapBoundingboxNortheastLongitude,mapBoundingboxSouthwestLatitude,mapBoundingboxSouthwestLongitude,mapCoordonneesLatitude,mapCoordonneesLongitude,mapPoly,logoAgence,nomAgence,urlAgence,telNumber,description_bien,nom_promoteur,nom_programme,nb_photos,date_first_observation,date_last_observation,statut_annonce,site_source,id_machine_processus,table_source,annonce_exclusive,nb_etages,parking,places_parking,cave,exposition,ges_valeur,ges_class,annee_construction,nb_toilettes,nb_terraces,videophone,porte_digicode,surface_balcon,ascenseur,nb_logements_copro,charges_copro,visite_virtuelle,piscine,prix_m_carre,chauffage_energie,chauffage_systeme,chauffage_mode,categorie_annonceur,nom_du_reseau,logement_neuf,code_dep,path_photos
apimo-83969433,,,,HIN2483,Pro,Maison/Villa,,Vente,06000,6088.0,Nice,,Baumettes,,,170.0,,3.0,6,Central Gaz Individuel ,,,2350000.0,,,,,,,,,,D,171.0,,,,,43.69539065421731,7.247282412731723,,,Savills Beaulieu Sur Mer - Tatyana YANKOVSKAYA,,,"Située au cœur du quartier historique du centre de Nice, la Villa du Château de la Tour bénéficie d'une localisation exceptionnelle, à seulement 5 minutes à pied de la plage, des restaurants et du musée des beaux-arts. Cette élégante maison de ville se démarque par sa position dominante et son toit-terrasse offrant une vue agréable sur la mer et le château.

La propriété propose plusieurs espaces extérieurs, dont une terrasse de 70 m2 prolongeant le salon et la cuisine, créant ainsi un cadre idéal pour la détente et les réceptions en plein air.

À l'intérieur, la villa combine le confort moderne et le charme historique. L'entrée, le séjour et la salle à manger s'enchaînent de manière harmonieuse, avec des plafonds de plus de 3 mètres ornés de fresques. Les carreaux de ciment d'origine ajoutent une touche de charme indéniable. La cuisine moderne et équipée, semi-ouverte, présente un plan de travail en marbre. A l'étage la chambre principale, avec salle de bain attenante comprenant baignoire et douche, est dotée d'un dressing. Une deuxième chambre, également en suite, propose une salle de douche attenante. La troisième chambre dispose de sa propre salle d'eau et toilettes, avec un bureau attenant.

Un véritable atout de cette villa réside dans son toit-terrasse, équipé d'un espace détente et d'un jacuzzi, offrant ainsi une vue imprenable sur la mer Méditerranée.

Un garage fermé est également à disposition

Associant le charme historique, le confort moderne et une vue paisible, cette propriété offre une expérience de vie exceptionnelle à Nice, avec la plage et les commerces accessibles à pied.",,,20,2024-01-20 11:34:29.136542,2024-04-28,Active,bienici,chougar-kllisre_32_go-P52,,,,,,,Sud-Est-Ouest,30.0,D,,,2.0,,,,,,,Oui,,13823.529,Gaz,,"Individuel, Central",Agence,,Non,6.0,"['/mnt/My Book2/Data/Immo/photos/apimo-83969433__1950000_43.6954_7.2473/photo_0.jpg', '/mnt/My Book2/Data/Immo/photos/apimo-83969433__1950000_43.6954_7.2473/photo_1.jpg', '/mnt/My Book2/Data/Immo/photos/apimo-83969433__1950000_43.6954_7.2473/photo_10.jpg', '/mnt/My Book2/Data/Immo/photos/apimo-83969433__1950000_43.6954_7.2473/photo_11.jpg', '/mnt/My Book2/Data/Immo/photos/apimo-83969433__1950000_43.6954_7.2473/photo_12.jpg', '/mnt/My Book2/Data/Immo/photos/apimo-83969433__1950000_43.6954_7.2473/photo_13.jpg', '/mnt/My Book2/Data/Immo/photos/apimo-83969433__1950000_43.6954_7.2473/photo_14.jpg', '/mnt/My Book2/Data/Immo/photos/apimo-83969433__1950000_43.6954_7.2473/photo_15.jpg', '/mnt/My Book2/Data/Immo/photos/apimo-83969433__1950000_43.6954_7.2473/photo_2.jpg', '/mnt/My Book2/Data/Immo/photos/apimo-83969433__1950000_43.6954_7.2473/photo_3.jpg', '/mnt/My Book2/Data/Immo/photos/apimo-83969433__1950000_43.6954_7.2473/photo_4.jpg', '/mnt/My Book2/Data/Immo/photos/apimo-83969433__1950000_43.6954_7.2473/photo_5.jpg', '/mnt/My Book2/Data/Immo/photos/apimo-83969433__1950000_43.6954_7.2473/photo_6.jpg', '/mnt/My Book2/Data/Immo/photos/apimo-83969433__1950000_43.6954_7.2473/photo_7.jpg', '/mnt/My Book2/Data/Immo/photos/apimo-83969433__1950000_43.6954_7.2473/photo_8.jpg', '/mnt/My Book2/Data/Immo/photos/apimo-83969433__1950000_43.6954_7.2473/photo_9.jpg']"
ag755493-435776219,,,,30478,Pro,Appartement,,Location,75006,75106.0,Paris 6e,,Notre Dame des Champs,,1.0,119.0,,3.0,4,électricité individuel,,,5719.0,,,,False,,,,2.0,1.0,D,215.0,,,,,48.84314296225879,2.330166789594484,,,STARES GESTION LOCATIVE,,,"CONTACTER LE <span class=""importDescriptionDecorator"" data-type=""phone"">06.24.73.86.60</span>
RUE VAVIN - 75006 Paris.
A deux pas du Jardin du Luxembourg, cet appartement MEUBLÉ  de 4 pièces vous séduira par son emplacement et son jardin privatif en plein coeur de Paris. Le bien de 119,28 m2 est situé au 1er étage sans ascenseur d'un immeuble ancien sécurisé par un digicode et un interphone. Il comprend: une entrée, un séjour donnant sur une terrasse qui accède au jardin, une cuisine américaine équipée, 3 grandes chambres, un coin bureau dans un grand dégagement, une buanderie, une salle de bain, deux salles de douche dont une avec WC, WC invités. Nombreux rangements. Chauffage et eau chaude individuels électriques.
Loyer 4699 € + 720 € de complément de loyer pour le jardin privatif + 300 € de provisions de charges, soit un loyer de 5719 €.
Dépôt de garantie 10838 €.
Honoraires 1789,20 euros TTC (pour un bail d'habitation principale).
(Dans le cadre d'un bail code civil, les conditions sont exclues des champs d'application de la loi du 6 juillet 1989. Nous consulter).
ETAT DES RISQUES ET DES POLLUTIONS (ERP) :
Les informations sur les risques auxquels ce bien est exposé sont disponibles sur le site Géorisques : www.georisques.gouv.fr",,,12,2024-08-24 11:41:02.704301,2024-09-20,Active,bienici,chougar-kllisre_32_go-P81,,,,,0.0,False,,7.0,B,,,,,True,,False,,,Oui,Non,48.058823,Électrique,,Individuel,Agence,,Non,75.0,"['/mnt/My Book2/Data/Immo/photos/ag755493-435776219__5499_48.8431_2.3302/photo_0.jpg', '/mnt/My Book2/Data/Immo/photos/ag755493-435776219__5499_48.8431_2.3302/photo_1.jpg', '/mnt/My Book2/Data/Immo/photos/ag755493-435776219__5499_48.8431_2.3302/photo_10.jpg', '/mnt/My Book2/Data/Immo/photos/ag755493-435776219__5499_48.8431_2.3302/photo_11.jpg', '/mnt/My Book2/Data/Immo/photos/ag755493-435776219__5499_48.8431_2.3302/photo_2.jpg', '/mnt/My Book2/Data/Immo/photos/ag755493-435776219__5499_48.8431_2.3302/photo_3.jpg', '/mnt/My Book2/Data/Immo/photos/ag755493-435776219__5499_48.8431_2.3302/photo_4.jpg', '/mnt/My Book2/Data/Immo/photos/ag755493-435776219__5499_48.8431_2.3302/photo_5.jpg', '/mnt/My Book2/Data/Immo/photos/ag755493-435776219__5499_48.8431_2.3302/photo_6.jpg', '/mnt/My Book2/Data/Immo/photos/ag755493-435776219__5499_48.8431_2.3302/photo_7.jpg', '/mnt/My Book2/Data/Immo/photos/ag755493-435776219__5499_48.8431_2.3302/photo_8.jpg', '/mnt/My Book2/Data/Immo/photos/ag755493-435776219__5499_48.8431_2.3302/photo_9.jpg']"
netty-cimmimmo-house-2339,,,,544-CIMMIMMO,Pro,Maison/Villa,,Vente,63600,63003.0,Ambert,,Ambert,,,136.0,238.0,3.0,8,fuel individuel ,,,99500.0,,,,,,,,,1.0,F,253.0,,,,,45.55163812633476,3.7391500921254073,,,Cimm Immobilier Ambert - Emmanuel BACHER,https://media.cimm.com/cimm/fees/tarifs-cimm.pdf,,"En exclusivité, en plein centre d'Ambert à proximité immédiate de tous ses commerces et services, maison de ville mitoyenne de 136 m2 avec trois chambres. Au rez-de-chaussée, un hall dessert un petit salon, un garage et une cave. Au premier étage, un palier distribue un séjour, une salle de bain, une cuisine et une chambre. Au dernier étage un autre palier dessert deux chambres, un bureau et un dressing et une salle d'eau. Un jardin arboré complète cet ensemble immobilier.<br>Son prix  : 99 500 €<br>Pour tous renseignements, vous pouvez contacter votre conseiller commercial Monsieur BACHER Emmanuel.<br>Honoraires à la charge du vendeur.  Classe énergie F, Classe climat F Logement à consommation énergétique excessive. La loi impose que le niveau de performance énergétique (DPE) du bien immobilier, actuellement de classe F, soit compris, à compter du 1er janvier 2028, entre la classe A et la classe E. Montant moyen estimé des dépenses annuelles d'énergie pour un usage standard, établi à partir des prix de l'énergie de l'année 2021 : entre 4350.00 et 5940.00 €. Les informations sur les risques auxquels ce bien est exposé sont disponibles sur le site Géorisques : georisques.gouv.fr. <br>Votre conseiller Cimm Immobilier Ambert : Emmanuel BACHER<br>Agent commercial (Entreprise individuelle)  <br>  RSAC 911099208",,,27,2024-10-25 17:42:15.781242,,Active,bienici,chougar-kllisre_32_go-P13,,Oui,4.0,,,True,,79.0,F,,,,,,,,,,,,731.6177,Fioul,,Individuel,Agence,,Non,63.0,"['/mnt/My Book2/Data/Immo/photos/netty-cimmimmo-house-2339__99500_45.5442_3.7365/photo_0.jpg', '/mnt/My Book2/Data/Immo/photos/netty-cimmimmo-house-2339__99500_45.5442_3.7365/photo_1.jpg', '/mnt/My Book2/Data/Immo/photos/netty-cimmimmo-house-2339__99500_45.5442_3.7365/photo_10.jpg', '/mnt/My Book2/Data/Immo/photos/netty-cimmimmo-house-2339__99500_45.5442_3.7365/photo_11.jpg', '/mnt/My Book2/Data/Immo/photos/netty-cimmimmo-house-2339__99500_45.5442_3.7365/photo_2.jpg', '/mnt/My Book2/Data/Immo/photos/netty-cimmimmo-house-2339__99500_45.5442_3.7365/photo_3.jpg', '/mnt/My Book2/Data/Immo/photos/netty-cimmimmo-house-2339__99500_45.5442_3.7365/photo_4.jpg', '/mnt/My Book2/Data/Immo/photos/netty-cimmimmo-house-2339__99500_45.5442_3.7365/photo_5.jpg', '/mnt/My Book2/Data/Immo/photos/netty-cimmimmo-house-2339__99500_45.5442_3.7365/photo_6.jpg', '/mnt/My Book2/Data/Immo/photos/netty-cimmimmo-house-2339__99500_45.5442_3.7365/photo_7.jpg', '/mnt/My Book2/Data/Immo/photos/netty-cimmimmo-house-2339__99500_45.5442_3.7365/photo_8.jpg', '/mnt/My Book2/Data/Immo/photos/netty-cimmimmo-house-2339__99500_45.5442_3.7365/photo_9.jpg']"
adapt-immo-85002110433,,,,85002110433,Pro,Maison/Villa,,Produit d’investissement,06000,6088.0,Nice,,Thiers - Musicien,,,200.0,100.0,,10,électrique ,,,1500000.0,,,,,,,,,,NS,,,,,,43.70136475422121,7.258510631470109,,,AXO L'immobilier Actif - Sandrine KRAFT,https://assets.adaptimmo.com/bareme/85002/85002/85002540/bareme.pdf,,"Votre agence AXO IMMO à Nice vous propose ce bien d'exception : Nice Musiciens idéal professions libérales (étude notariale, cabinet avocats, médecins, assureurs...)  unique dans le secteur Hôtel Particulier type Belle Epoque de 200m2 sur 2 niveaux avec un coquet jardin de 100m2 et un garage double. Il est actuellement composé comme suit : un souplex de 60m2 à entièrement aménager pouvant servir de réserve ou / et d'archives. <br>En rez de chaussée vaste entrée / réception/salle d'attente, un salon-séjour pouvant également servir de salle de réunion,  2 grandes chambres ou bureaux, salle d'eau et WC. <br>A l'étage 3 suites parentales de plus de 25m2, salle d'eau et WC. Grandes ouvertures vitrées sur toute la façade. Belle hauteur sous plafond. Possibilité de diviser. <br>Produit d'exception à 2 proximité du carré d'or Victor Hugo des commerces et de la mer !<br>  Contactez Sandrine KRAFT au <span class=""importDescriptionDecorator"" data-type=""phone"">06 12 24 38 15</span>, AXO - L'immobilier Actif, Chargée de Développement Provence-Alpes-Côte d'Azur. Plus d'informations sur <span class=""importDescriptionDecorator"" data-url=""www.axo.immo"" data-type=""basicUrl"">www.axo.immo</span> (réf. 85002110433) et <span class=""importDescriptionDecorator"" data-type=""email"">skraft@axo.immo.</span><br>Honoraires TTC charge vendeur.<br>Les informations sur les risques auxquels ce bien est exposé sont disponibles sur le site Géorisques : https://www.georisques.gouv.fr/",,,15,2024-01-27 11:10:12.198864,2024-02-27,Active,bienici,chougar-kllisre_32_go-P119,,Non,3.0,,,False,,,NS,,,,,,,,,,,Non,7500.0,Électrique,,,Agence,,Non,6.0,"['/mnt/My Book2/Data/Immo/photos/adapt-immo-85002110433__1290000_43.7029_7.2598/photo_0.jpg', '/mnt/My Book2/Data/Immo/photos/adapt-immo-85002110433__1290000_43.7029_7.2598/photo_1.jpg', '/mnt/My Book2/Data/Immo/photos/adapt-immo-85002110433__1290000_43.7029_7.2598/photo_10.jpg', '/mnt/My Book2/Data/Immo/photos/adapt-immo-85002110433__1290000_43.7029_7.2598/photo_11.jpg', '/mnt/My Book2/Data/Immo/photos/adapt-immo-85002110433__1290000_43.7029_7.2598/photo_12.jpg', '/mnt/My Book2/Data/Immo/photos/adapt-immo-85002110433__1290000_43.7029_7.2598/photo_13.jpg', '/mnt/My Book2/Data/Immo/photos/adapt-immo-85002110433__1290000_43.7029_7.2598/photo_14.jpg', '/mnt/My Book2/Data/Immo/photos/adapt-immo-85002110433__1290000_43.7029_7.2598/photo_15.jpg', '/mnt/My Book2/Data/Immo/photos/adapt-immo-85002110433__1290000_43.7029_7.2598/photo_2.jpg', '/mnt/My Book2/Data/Immo/photos/adapt-immo-85002110433__1290000_43.7029_7.2598/photo_3.jpg', '/mnt/My Book2/Data/Immo/photos/adapt-immo-85002110433__1290000_43.7029_7.2598/photo_4.jpg', '/mnt/My Book2/Data/Immo/photos/adapt-immo-85002110433__1290000_43.7029_7.2598/photo_5.jpg', '/mnt/My Book2/Data/Immo/photos/adapt-immo-85002110433__1290000_43.7029_7.2598/photo_6.jpg', '/mnt/My Book2/Data/Immo/photos/adapt-immo-85002110433__1290000_43.7029_7.2598/photo_7.jpg', '/mnt/My Book2/Data/Immo/photos/adapt-immo-85002110433__1290000_43.7029_7.2598/photo_8.jpg', '/mnt/My Book2/Data/Immo/photos/adapt-immo-85002110433__1290000_43.7029_7.2598/photo_9.jpg']"
ag064863-440267846,,,,FR1054257,Pro,Appartement,,Vente,06000,6088.0,Nice,,Baumettes,,0.0,44.0,,1.0,2,,,,239000.0,,,,,,,,1.0,1.0,D,192.0,,,,,43.69845,7.249363,,,CIMIEZ BOULEVARD,,,"Nice Baumettes - 2 pièces coup de coeur avec terrasse proche Université
NICE / BAUMETTES - Venez visiter notre appartement ""coup de coeur"". Situé au sein d'un secteur résidentiel, dans une copropriété de standing avec parc et parking collectif, il est proche de l'Université Côte d'Azur et de toutes les commodités du quartier à pieds !
Vous serez séduits par ce 2 pièces de 44 m2 entièrement rénové et optimisé, cosy, climatisé, très lumineux avec sa terrasse spacieuse en Ouest et sa vue dégagée sur la verdure.
Très bien distribué, il se compose d'une entrée, d'un séjour avec cuisine américaine donnant sur une terrasse de 12m2 ensoleillée, d'une chambre avec placard, d'une salle de douche, d'un WC indépendant et d'une cave.
Idéal pour un premier achat, un investissement locatif ou une résidence secondaire, ce nid douillet se trouve à moins de 15 minutes à pied du Tramway et de la Promenade des Anglais !
Pour obtenir des informations détaillées sur les risques auxquels ce bien est exposé, veuillez consulter le site Géorisques : georisques.gouv.fr.",,,15,2024-10-11 13:37:02.236708,2024-11-12,Active,bienici,chougar-kllisre_32_go-P125,,Oui,6.0,,0.0,,,26.0,C,,,,,False,,True,,1716.0,,,5431.8184,,,,Agence,Cimiez Boulevard,Non,6.0,"['/mnt/My Book2/Data/Immo/photos/ag064863-440267846__239000_43.6984_7.2494/photo_0.jpg', '/mnt/My Book2/Data/Immo/photos/ag064863-440267846__239000_43.6984_7.2494/photo_1.jpg', '/mnt/My Book2/Data/Immo/photos/ag064863-440267846__239000_43.6984_7.2494/photo_10.jpg', '/mnt/My Book2/Data/Immo/photos/ag064863-440267846__239000_43.6984_7.2494/photo_11.jpg', '/mnt/My Book2/Data/Immo/photos/ag064863-440267846__239000_43.6984_7.2494/photo_2.jpg', '/mnt/My Book2/Data/Immo/photos/ag064863-440267846__239000_43.6984_7.2494/photo_3.jpg', '/mnt/My Book2/Data/Immo/photos/ag064863-440267846__239000_43.6984_7.2494/photo_4.jpg', '/mnt/My Book2/Data/Immo/photos/ag064863-440267846__239000_43.6984_7.2494/photo_5.jpg', '/mnt/My Book2/Data/Immo/photos/ag064863-440267846__239000_43.6984_7.2494/photo_6.jpg', '/mnt/My Book2/Data/Immo/photos/ag064863-440267846__239000_43.6984_7.2494/photo_7.jpg', '/mnt/My Book2/Data/Immo/photos/ag064863-440267846__239000_43.6984_7.2494/photo_8.jpg', '/mnt/My Book2/Data/Immo/photos/ag064863-440267846__239000_43.6984_7.2494/photo_9.jpg']"
hektor-1488_EXPERTIMO22-151783,,,,1488_680451,Pro,Maison/Villa,,Vente,75019,75119.0,Paris 19e,,Secrétan - Jaurès,,,164.0,134.0,,9,radiateur gaz individuel ,,,1595000.0,,,,,,,1.0,2.0,,E,257.0,,,,,48.87918681081482,2.378616500445,,,,https://www.reseau-expertimo.fr/i/redac/honoraires?honofor=2185,,"EXCLUSIVITE, à vendre ici et nulle part ailleurs ! Paris 19ème - Quartier Secrétan, au pied du parc des Buttes Chaumont, à proximité de la fondation Rothschild et des métros (2, 5 et 7Bis) entre 5 et 10mns à pieds. Immeuble en monopropriété pour investisseurs ou maison d'habitation au choix type Art déco datant de 1925, pour un total de 9 pièces pour 164m2 habitables avec jardin de 65m2, balcon de 1,50m2, terrasse roof top de 14m2 et garage, composé comme suit, après remaniement :<br> Au RDC un appartement type 4P de 43,71m2 non loué avec jardin de 60m2 environ : Entrée, Hall maîtres ou salle d'attente, chambre ou bureau, dégagement, WC, cuisine, buanderie, cave de 5,89m2 et 1 pièce (possibilité garage) avec un DPE F/F.<br> Au 1er et 2ème étage un appartement type duplex 4P de 78,70m2 non loué : Entrée, WC séparés, Chambre, Salon, cuisine avec accès balcon de 1,50m2, Suite parentale avec salle de douche et WC, dégagement, bureau ou chambre, avec un DPE E/E.<br> Au 3ème et dernier étage, un appartement de type studio ou 2P de 41,26m2 non loué avec terrasse rooftop de 14m2 : Entrée, Salle de douche avec WC, pièce de vie avec cheminée et coin chambre ou bureau, cuisine, avec un DPE E/E.<br> Pour compléter le tout, double vitrage quasi intégral, 3 chaudières gaz dont 1 à condensation, 3 compteurs EDF, un garage boxé de 15m2 à 2mns à pieds, Prévoir une modernisation du bâtiment. Idéal pour professions libérales, cabinet médical, investissement locatif ou maison pour une famille avec des adolescents ou regroupement familial de plusieurs générations. Bien rare sur le secteur ! Plans 2D et visite virtuelle sur demande motivée. Olivier CHARON <span class=""importDescriptionDecorator"" data-type=""phone"">0608733074</span> <span class=""importDescriptionDecorator"" data-type=""email"">olivier.charon.immobilier@gmail.com</span><br> Annonce proposée par un agent commercial. Honoraires à charge acquéreur. Les informations sur les risques auxquels ce bien est exposé sont disponibles sur le site Géorisques<br>Cette annonce vous est proposée par CHARON Olivier -  -  NoRSAC: 502586365, Enregistré au Greffe du tribunal de commerce de Versailles   - Annonce rédigée et publiée par un Agent Mandataire -",Olivier CHARON,,10,2024-05-18 12:50:26.122482,2024-07-28,Active,bienici,chougar-kllisre_32_go-P0,,Oui,5.0,,,True,Nord-Sud,55.0,E,1925.0,4.0,1.0,,,,,,,,,9396.725,Gaz,Radiateur,Individuel,Mandataire,Expertimo,Non,75.0,"['/mnt/My Book2/Data/Immo/photos/hektor-1488_EXPERTIMO22-151783__1495000_48.8792_2.3786/photo_0.jpg', '/mnt/My Book2/Data/Immo/photos/hektor-1488_EXPERTIMO22-151783__1495000_48.8792_2.3786/photo_1.jpg', '/mnt/My Book2/Data/Immo/photos/hektor-1488_EXPERTIMO22-151783__1495000_48.8792_2.3786/photo_2.jpg', '/mnt/My Book2/Data/Immo/photos/hektor-1488_EXPERTIMO22-151783__1495000_48.8792_2.3786/photo_3.jpg', '/mnt/My Book2/Data/Immo/photos/hektor-1488_EXPERTIMO22-151783__1495000_48.8792_2.3786/photo_4.jpg', '/mnt/My Book2/Data/Immo/photos/hektor-1488_EXPERTIMO22-151783__1495000_48.8792_2.3786/photo_5.jpg', '/mnt/My Book2/Data/Immo/photos/hektor-1488_EXPERTIMO22-151783__1495000_48.8792_2.3786/photo_6.jpg', '/mnt/My Book2/Data/Immo/photos/hektor-1488_EXPERTIMO22-151783__1495000_48.8792_2.3786/photo_7.jpg', '/mnt/My Book2/Data/Immo/photos/hektor-1488_EXPERTIMO22-151783__1495000_48.8792_2.3786/photo_8.jpg', '/mnt/My Book2/Data/Immo/photos/hektor-1488_EXPERTIMO22-151783__1495000_48.8792_2.3786/photo_9.jpg']"
century-21-202_470_10547,,,,10547,Pro,Appartement,,Location,75016,75116.0,Paris 16e,,Passy - Maison de la Radio - Muette-Sud,,7.0,122.9,,3.0,4,Collectif,,,4790.0,,,,,,,1.0,1.0,1.0,E,268.0,,,,,48.8555969528989,2.274981865183539,,,CENTURY 21 Via Conseil 16ème,https://www.century21via-conseil.com/mentions_legales/,,"BOULAINVILLIERS / RANELAGH - Votre Agence Century 21 via Conseil 16ème vous présente en exclusivité un très bel appartement d'exception loué meublé de 123m² + 44m² de terrasse. Le bien se compose d'un hall d'entrée, d'un double séjour de 43m² donnant sur un grand balcon, une cuisine et son office donnant sur terrasse couverte, trois chambres avec rangements donnant sur une spacieuse terrasse arborée, une salle de bains, une salle de douche avec WC et WC séparés.  Appartement disponible pour une moyenne durée (jusqu'au 31 mars 2025)  Très belle copropriété sécurisée, ascenseur, vue dégagée, calme, lumineux, proche commerces et transport en commun (Ranelagh et Boulainvilliers)  Visite possible au <span class=""importDescriptionDecorator"" data-type=""phone"">01.46.51.70.00</span>",,,15,2024-10-11 13:37:02.136676,2024-10-26,Active,bienici,chougar-kllisre_32_go-P81,,,9.0,,0.0,,,58.0,E,1966.0,2.0,1.0,,False,,False,,,,Non,38.974777,,,Collectif,Agence,Century 21,Non,75.0,"['/mnt/My Book2/Data/Immo/photos/century-21-202_470_10547__4590_48.8556_2.275/photo_0.jpg', '/mnt/My Book2/Data/Immo/photos/century-21-202_470_10547__4590_48.8556_2.275/photo_1.jpg', '/mnt/My Book2/Data/Immo/photos/century-21-202_470_10547__4590_48.8556_2.275/photo_10.jpg', '/mnt/My Book2/Data/Immo/photos/century-21-202_470_10547__4590_48.8556_2.275/photo_11.jpg', '/mnt/My Book2/Data/Immo/photos/century-21-202_470_10547__4590_48.8556_2.275/photo_2.jpg', '/mnt/My Book2/Data/Immo/photos/century-21-202_470_10547__4590_48.8556_2.275/photo_3.jpg', '/mnt/My Book2/Data/Immo/photos/century-21-202_470_10547__4590_48.8556_2.275/photo_4.jpg', '/mnt/My Book2/Data/Immo/photos/century-21-202_470_10547__4590_48.8556_2.275/photo_5.jpg', '/mnt/My Book2/Data/Immo/photos/century-21-202_470_10547__4590_48.8556_2.275/photo_6.jpg', '/mnt/My Book2/Data/Immo/photos/century-21-202_470_10547__4590_48.8556_2.275/photo_7.jpg', '/mnt/My Book2/Data/Immo/photos/century-21-202_470_10547__4590_48.8556_2.275/photo_8.jpg', '/mnt/My Book2/Data/Immo/photos/century-21-202_470_10547__4590_48.8556_2.275/photo_9.jpg']"
keller-williams-1-34_1_8-165168,,,,24-918,Pro,Appartement,,Vente de prestige,06200,6088.0,Nice,,Lanterne,,4.0,125.0,,3.0,5,,,,1250000.0,,,,,,,,3.0,,C,146.0,,,,,43.68671080619386,7.212996613818206,,,KW MASSENA - Carine CACHORRO,https://media.kwfrance.com/mc/8/public/3989_65c49fba8b7e3.docx,,"EN EXCLUSIVITÉ. NICE LANTERNE. Dans la résidence de standing 'Les Almadies', proche de toutes les commodités ( école, commerces, accès autoroutiers), venez découvrir ce magnifique appartement 4-5 pièces de 125m² au quatrième étage avec 66 m² de terrasses avec vue mer et ville panoramique.<br>Dès votre arrivée, vous serez séduits par l'élégance et le confort de ce bien. <br>En très bon état général et doté de nombreux rangements, il se compose d'une entrée, d'un séjour, d'une salle à manger, d'une cuisine semi-ouverte, de 3 chambres spacieuses en suite avec salle d'eau et WC, un WC invité, de 4 terrasses et d'un espace buanderie.<br>Une place de parking est incluse, avec la possibilité d'acquérir un garage en sus pour plus de commodités.<br>La résidence, bien entretenue et sécurisée, offre une piscine idéale pour se détendre et profiter du climat méditerranéen.<br>Ne manquez pas cette opportunité rare de vivre dans un cadre de vie d'exception.<br>Pour plus d'informations et pour organiser une visite, n'hésitez pas à contacter votre agent Carine Cachorro au <span class=""importDescriptionDecorator"" data-type=""phone"">07.81.88.49.79</span>.<br>Les informations sur les risques auxquels ce bien est exposé sont disponibles sur le site Géorisques du gouvernement.",,,22,2024-05-18 12:50:27.570883,2024-09-20,Active,bienici,chougar-kllisre_32_go-P108,,Oui,,,1.0,,,4.0,A,1980.0,4.0,4.0,,,,True,264.0,4090.0,Oui,Oui,10000.0,,,,Agence,Keller-Williams,Non,6.0,"['/mnt/My Book2/Data/Immo/photos/keller-williams-1-34_1_8-165168__1250000_43.6874_7.2122/photo_0.jpg', '/mnt/My Book2/Data/Immo/photos/keller-williams-1-34_1_8-165168__1250000_43.6874_7.2122/photo_1.jpg', '/mnt/My Book2/Data/Immo/photos/keller-williams-1-34_1_8-165168__1250000_43.6874_7.2122/photo_10.jpg', '/mnt/My Book2/Data/Immo/photos/keller-williams-1-34_1_8-165168__1250000_43.6874_7.2122/photo_11.jpg', '/mnt/My Book2/Data/Immo/photos/keller-williams-1-34_1_8-165168__1250000_43.6874_7.2122/photo_2.jpg', '/mnt/My Book2/Data/Immo/photos/keller-williams-1-34_1_8-165168__1250000_43.6874_7.2122/photo_3.jpg', '/mnt/My Book2/Data/Immo/photos/keller-williams-1-34_1_8-165168__1250000_43.6874_7.2122/photo_4.jpg', '/mnt/My Book2/Data/Immo/photos/keller-williams-1-34_1_8-165168__1250000_43.6874_7.2122/photo_5.jpg', '/mnt/My Book2/Data/Immo/photos/keller-williams-1-34_1_8-165168__1250000_43.6874_7.2122/photo_6.jpg', '/mnt/My Book2/Data/Immo/photos/keller-williams-1-34_1_8-165168__1250000_43.6874_7.2122/photo_7.jpg', '/mnt/My Book2/Data/Immo/photos/keller-williams-1-34_1_8-165168__1250000_43.6874_7.2122/photo_8.jpg', '/mnt/My Book2/Data/Immo/photos/keller-williams-1-34_1_8-165168__1250000_43.6874_7.2122/photo_9.jpg']"
keller-williams-1-34_1_8-165182,,,,2324,Pro,Appartement,,Vente,06000,6088.0,Nice,,Carré d'or,,1.0,36.0,,1.0,2,,,,530000.0,,,,,,,,1.0,,D,202.0,,,,,43.69459913983156,7.264942996581214,,,KW MASSENA - 107 PROMANDE,https://media.kwfrance.com/mc/8/public/3989_65c49fba8b7e3.docx,,"EXCLUSIVITÉ Promenade ! Grand Studio Avec Coin Chambre! <br> <br>Face Mer à côté du Méridien, en première ligne au 3 Promenade des Anglais à Nice 'Savoy Palace'.  <br>Dans un immeuble de luxe avec concierge?<br>Très beau et grand studio de 36m², entièrement refait et ultra moderne situé au 1er étage.<br>Cet appartement dispose d'un séjour avec une magnifique cuisine ouverte et d'un coin chambre, d'une salle d'eau avec WC , et un balcon face mer de 3,5m² pour profiter de la magnifique vue qu'offre la Baie des Anges.<br>Idéal en résidence principale, secondaire ou investissement en location saisonnière dans un des emplacements les plus recherchés de Nice!<br>Votre pied à terre idéal pour vivre dans un immeuble de prestige au coeur de la ville face à la Méditerranée, le port de Nice, Vieux Nice Cours Saleya, l'Opéra, panoplie de restaurants, cafés, bars, les rues commerçants de la Zone piétonne à l'Avenue Jean-Médecin, Av de Verdun et Rue Paradis et les boutiques de Luxe!<br>Le bonheur partagé 365 jours de l'an! Venez visiter au plus tôt! <br>Ne manquez pas l'occasion de découvrir toutes les originalités et les atouts de cet appartement d'exception. Prenez rendez-vous dès maintenant avec votre agent immobilier, Teni Bagdasar, au <span class=""importDescriptionDecorator"" data-type=""phone"">+33 (0)6 12 14 35 93</span>.<br>Les informations sur les risques auxquels ce bien est exposé sont disponibles sur le site Géorisques du gouvernement.",,,25,2024-05-18 12:50:27.572549,2024-10-26,Active,bienici,chougar-kllisre_32_go-P124,,Oui,2.0,,,,Sud,16.0,C,,1.0,1.0,,,,True,84.0,1416.0,Oui,,13888.889,,,,Agence,Keller-Williams,Non,6.0,"['/mnt/My Book2/Data/Immo/photos/keller-williams-1-34_1_8-165182__530000_43.6947_7.2661/photo_0.jpg', '/mnt/My Book2/Data/Immo/photos/keller-williams-1-34_1_8-165182__530000_43.6947_7.2661/photo_1.jpg', '/mnt/My Book2/Data/Immo/photos/keller-williams-1-34_1_8-165182__530000_43.6947_7.2661/photo_10.jpg', '/mnt/My Book2/Data/Immo/photos/keller-williams-1-34_1_8-165182__530000_43.6947_7.2661/photo_11.jpg', '/mnt/My Book2/Data/Immo/photos/keller-williams-1-34_1_8-165182__530000_43.6947_7.2661/photo_12.jpg', '/mnt/My Book2/Data/Immo/photos/keller-williams-1-34_1_8-165182__530000_43.6947_7.2661/photo_13.jpg', '/mnt/My Book2/Data/Immo/photos/keller-williams-1-34_1_8-165182__530000_43.6947_7.2661/photo_14.jpg', '/mnt/My Book2/Data/Immo/photos/keller-williams-1-34_1_8-165182__530000_43.6947_7.2661/photo_15.jpg', '/mnt/My Book2/Data/Immo/photos/keller-williams-1-34_1_8-165182__530000_43.6947_7.2661/photo_2.jpg', '/mnt/My Book2/Data/Immo/photos/keller-williams-1-34_1_8-165182__530000_43.6947_7.2661/photo_3.jpg', '/mnt/My Book2/Data/Immo/photos/keller-williams-1-34_1_8-165182__530000_43.6947_7.2661/photo_4.jpg', '/mnt/My Book2/Data/Immo/photos/keller-williams-1-34_1_8-165182__530000_43.6947_7.2661/photo_5.jpg', '/mnt/My Book2/Data/Immo/photos/keller-williams-1-34_1_8-165182__530000_43.6947_7.2661/photo_6.jpg', '/mnt/My Book2/Data/Immo/photos/keller-williams-1-34_1_8-165182__530000_43.6947_7.2661/photo_7.jpg', '/mnt/My Book2/Data/Immo/photos/keller-williams-1-34_1_8-165182__530000_43.6947_7.2661/photo_8.jpg', '/mnt/My Book2/Data/Immo/photos/keller-williams-1-34_1_8-165182__530000_43.6947_7.2661/photo_9.jpg']"
hektor-agim-mauriac-1988,,,,2934,Pro,Maison/Villa,,Vente,15200,15120.0,Mauriac,,Mauriac,,,100.0,,3.0,5,,,,34500.0,,,,,,,,,1.0,NS,,,,,,45.20976429855376,2.331469298022914,,,LOMBARD  AGIM IMMOBILIER - ALBESSARD KAREN,http://www.lombardagim-immobilier.fr/i/redac/honoraires?honofor=5,,"Rue St Mary, maison de ville à rénover avec petite cour intérieure, au RDC une pièce à vivre de 30 m2, au 1er une chambre de 15 m2 et une salle de bains, au 2ème une chambre de 15.7 m2 et une de 10 m2, au 3ème étage une chambre de 17 m2 et un bureau de 8m2. Tout à l'égout.  Tous nos biens en vente et location sur le site de l'agence <span class=""importDescriptionDecorator"" data-url=""www.lombardagim-immobilier.fr"" data-type=""basicUrl"">www.lombardagim-immobilier.fr</span>",,,6,2024-09-20 13:36:28.718091,,Active,bienici,chougar-kllisre_32_go-P5,,Non,5.0,,,,,,NS,,1.0,,,,,,,,,,300.0,,,,Agence,Agim-Immobilier,Non,15.0,"['/mnt/My Book2/Data/Immo/photos/hektor-agim-mauriac-1988__34500_45.2098_2.3315/photo_0.jpg', '/mnt/My Book2/Data/Immo/photos/hektor-agim-mauriac-1988__34500_45.2098_2.3315/photo_1.jpg', '/mnt/My Book2/Data/Immo/photos/hektor-agim-mauriac-1988__34500_45.2098_2.3315/photo_2.jpg', '/mnt/My Book2/Data/Immo/photos/hektor-agim-mauriac-1988__34500_45.2098_2.3315/photo_3.jpg', '/mnt/My Book2/Data/Immo/photos/hektor-agim-mauriac-1988__34500_45.2098_2.3315/photo_4.jpg', '/mnt/My Book2/Data/Immo/photos/hektor-agim-mauriac-1988__34500_45.2098_2.3315/photo_5.jpg']"
laforet-immo-facile-22411509,,,,14813,Pro,Appartement,,Location,94160,94067.0,Saint-Mandé,,Daumesnil,,0.0,14.35,,,1,radiateur gaz collectif ,,,774.64,,,,,,,,1.0,,E,238.0,,,,,48.83515321839769,2.414956004096006,,,LAFORET SAINT AMBROISE - Laforêt PARIS 11 ST AMBROISE,https://media.immo-facile.com/segments/immo/catalog/images/manufacturers_bareme/126941.pdf,,"Merci de contacter MME BORELVA UNIQUEMENT PAR SMS AU <span class=""importDescriptionDecorator"" data-type=""phone""><span class=""importDescriptionDecorator"" data-type=""phone"">06 12 94 42 24</span></span> <br>Votre agence Laforêt vous propose, à Saint Mandé, avenue Sainte-Marie, à 10 minutes à pied du métro Porte Doré , studio meublé de 14,6m² en rez de jardin en parfait état composé d'une entrée, pièce principale, d'une kitchenette, d'une salle d'eau avec WC.<br>CHAUFFAGE ET EAU CHAUDE COLLECTIF !!!!!!<br>Clair et calme, disponible de suite <br>Merci de contacter MME BORELVA UNIQUEMENT PAR SMS AU <span class=""importDescriptionDecorator"" data-type=""phone""><span class=""importDescriptionDecorator"" data-type=""phone"">06 12 94 42 24</span></span><br>Copropriété de 120 lots.<br>Charges annuelles : 660.00 euros.",,,6,2024-11-17 13:55:20.607113,,Active,bienici,chougar-kllisre_32_go-P74,,,,,,,,76.0,E,1960.0,1.0,,,True,,False,,,,,53.98188,Gaz,Radiateur,Collectif,Agence,Laforêt,Non,94.0,"['/mnt/My Book2/Data/Immo/photos/laforet-immo-facile-22411509__774.64_48.8352_2.415/photo_0.jpg', '/mnt/My Book2/Data/Immo/photos/laforet-immo-facile-22411509__774.64_48.8352_2.415/photo_1.jpg', '/mnt/My Book2/Data/Immo/photos/laforet-immo-facile-22411509__774.64_48.8352_2.415/photo_2.jpg', '/mnt/My Book2/Data/Immo/photos/laforet-immo-facile-22411509__774.64_48.8352_2.415/photo_3.jpg', '/mnt/My Book2/Data/Immo/photos/laforet-immo-facile-22411509__774.64_48.8352_2.415/photo_4.jpg', '/mnt/My Book2/Data/Immo/photos/laforet-immo-facile-22411509__774.64_48.8352_2.415/photo_5.jpg']"
citya-immobilier-5002-GES90220007-78,,,,GES90220007-78,Pro,Appartement,,Location,76600,76351.0,Le Havre,,Sainte-Marie - Saint-Léon - Observatoire Massillon,,2.0,20.61,,0.0,1,Radiateur Electrique Individuel ,,,440.0,,,,,,,0.0,1.0,0.0,F,398.0,,,,,49.497764,0.130199,,,Citya Lecourtois,https://www.citya.com/agences-immobilieres/le-havre-76351/258#bareme-location,,"A LOUER

Bel appartement récent de type T1 situé dans le quartier de l'Université au Havre. Ce charmant logement d'une superficie de 20m² offre un espace de vie agréable pour une personne. 

L'appartement dispose d'un système de chauffage individuel avec des radiateurs électriques. La cuisine est aménagée et équipée, offrant ainsi un espace fonctionnel pour préparer vos repas. La salle de douche est moderne et pratique.

Au deuxième étage d'un immeuble avec ascenseur, cet appartement bénéficie d'un environnement calme et sécurisé. L'immeuble est équipé d'un interphone pour plus de tranquillité.

Une place de stationnement est disponible moyennant un supplément de 25€. 

Cet appartement est idéal pour un étudiant ou une personne seule à la recherche d'un logement confortable et bien situé. N'hésitez pas à nous contacter pour plus d'informations ou pour organiser une visite. 
 Loyer de 440,00 euros par mois charges comprises dont 20,00 euros par mois de provision pour charges (soumis à la régularisation annuelle). 
 Les honoraires charge locataire sont de 226,71 euros ( soit 11,00 euros/m² ) dont 61,83 euros pour état des lieux ( soit 3,00 euros/m² ). 
 Vous pouvez consulter les barèmes d'honoraires à l'adresse suivante : 
 <span class=""importDescriptionDecorator"" data-url=""https://www.citya.com/agences-immobilieres/le-havre-76351/258#bareme-location"" data-type=""agencyFeeUrl"">https://www.citya.com/agences-immobilieres/le-havre-76351/258#bareme-location</span> 
DPE ANCIENNE VERSION. Logement à consommation énergétique excessive. Montant estimé des dépenses annuelles d'énergie pour un usage standard : 496,2 euros. Prix moyens des énergies indexés en 2015. Les informations sur les risques auxquels ce bien est exposé sont disponibles sur le site Géorisques : https://www.georisques.gouv.fr",,,5,2024-10-11 13:37:02.015883,2024-11-12,Active,bienici,chougar-kllisre_32_go-P83,,,,,0.0,,,19.0,C,,,0.0,,,,True,,,,,21.34886,Électrique,Radiateur,Individuel,Agence,Citya Immobilier,Non,76.0,"['/mnt/My Book2/Data/Immo/photos/citya-immobilier-5002-GES90220007-78__440_49.4978_0.1302/photo_0.jpg', '/mnt/My Book2/Data/Immo/photos/citya-immobilier-5002-GES90220007-78__440_49.4978_0.1302/photo_1.jpg', '/mnt/My Book2/Data/Immo/photos/citya-immobilier-5002-GES90220007-78__440_49.4978_0.1302/photo_2.jpg', '/mnt/My Book2/Data/Immo/photos/citya-immobilier-5002-GES90220007-78__440_49.4978_0.1302/photo_3.jpg', '/mnt/My Book2/Data/Immo/photos/citya-immobilier-5002-GES90220007-78__440_49.4978_0.1302/photo_4.jpg']"
safti-1-1315900,,,,1315900,Pro,Appartement,,Vente,95800,95127.0,Cergy,,Les Hauts-de-Cergy,,0.0,42.0,,1.0,2,gaz individuel ,,,166000.0,,,,,,,,,1.0,NS,,,,,,49.04757824717248,2.01127704108932,,,,https://bareme.safti.fr/,,"Isabelle BEDOUCHA , Indépendante du Réseau SAFTI Immobilier , a le plaisir de vous présenter ce beau 2P en Rez-de-Jardin au calme et tout proche de la gare de Cergy-le-Haut.<br>Très belle opportunité d'investissement locatif : il est vendu loué et le montant mensuel du loyer s'élève à 848 euros Charges Comprises.<br>Composé d'une entrée, d'un grand séjour donnant sur terrasse d'environ 35m2 , d'une cuisine aménagée et équipée indépendante , d'une grande chambre , d'un WC et d'une salle d'eau.<br>L'appartement est vendu avec un box au sous-sol.<br>Merci de contacter Isabelle BEDOUCHA pour tout renseignement complémentaire ou pour toute demande de visite 7 JOURS SUR 7<br>Le bien comprend 2 lots, et il est situé dans une copropriété de 156 lots (les charges courantes annuelles moyennes de copropriété sont de 1544 € et le syndicat des copropriétaires ne fait pas l'objet d'une procédure citée à l'article L. 721-1 du code de la construction et de l'habitation).<br>Les informations sur les risques auxquels ce bien est exposé sont disponibles sur le site Géorisques : www.georisques.gouv.fr<br>Prix de vente : 166 000 €<br>Honoraires charge vendeur<br>Contactez votre conseiller SAFTI : Isabelle BEDOUCHA, Tél. : <span class=""importDescriptionDecorator"" data-type=""phone"">0617210308</span>, E-mail : <span class=""importDescriptionDecorator"" data-type=""email"">isabelle.bedoucha@safti.fr</span> - EI - Agent commercial immatriculé au RSAC de Pontoise sous le numéro 492 658 596",SAFTI - Isabelle BEDOUCHA,,5,2024-06-07 14:54:18.004551,2024-06-30,Active,bienici,chougar-kllisre_32_go-P64,,Non,7.0,,1.0,False,,,NS,2000.0,1.0,,,False,,False,156.0,1544.0,,Non,3952.3809,Gaz,,Individuel,Mandataire,Safti,Non,95.0,"['/mnt/My Book2/Data/Immo/photos/safti-1-1315900__154800_49.0476_2.0113/photo_0.jpg', '/mnt/My Book2/Data/Immo/photos/safti-1-1315900__154800_49.0476_2.0113/photo_1.jpg', '/mnt/My Book2/Data/Immo/photos/safti-1-1315900__154800_49.0476_2.0113/photo_2.jpg', '/mnt/My Book2/Data/Immo/photos/safti-1-1315900__154800_49.0476_2.0113/photo_3.jpg', '/mnt/My Book2/Data/Immo/photos/safti-1-1315900__154800_49.0476_2.0113/photo_4.jpg']"
ag772915-442698362,,,,331496517,Pro,Appartement,,Location,77300,77186.0,Fontainebleau,,Centre-ville,,0.0,46.0,,1.0,2,,,,940.0,,,,,,,,,1.0,D,186.0,,,,,48.407251867767,2.7013396530035205,,,Foncia Fontainebleau - Foncia Senart-Gatinais,https://fr.foncia.com/agence-immobiliere/fontainebleau-77300/agence-immobiliere/foncia-fontainebleau-5477,,"Charmant Appartement avec Terrasse et Box en Centre-VilleSitué en plein centre-ville, dans une résidence sécurisée, cet appartement dispose d'une terrasse privative. Il comprend une entrée avec placards, une cuisine, un séjour, une chambre, une salle de bains, et des WC séparés. Loué avec une cave et un box.
Les informations sur les risques auxquels ce bien est exposé sont disponibles sur le site Géorisques : www.georisques.gouv.fr",,,4,2024-10-18 12:42:37.031870,2024-10-26,Active,bienici,chougar-kllisre_32_go-P104,,,,,,,,5.0,A,,,,,False,,False,,,Oui,Non,20.434782,,,,Agence,Fontaine,Non,77.0,"['/mnt/My Book2/Data/Immo/photos/ag772915-442698362__940_48.4073_2.7013/photo_0.jpg', '/mnt/My Book2/Data/Immo/photos/ag772915-442698362__940_48.4073_2.7013/photo_1.jpg', '/mnt/My Book2/Data/Immo/photos/ag772915-442698362__940_48.4073_2.7013/photo_2.jpg', '/mnt/My Book2/Data/Immo/photos/ag772915-442698362__940_48.4073_2.7013/photo_3.jpg']"
square-habitat-immo-facile-42942232,,,,PG-MIR-9216,Pro,Maison/Villa,,Vente,32300,32256.0,Mirande,,Mirande,,,230.0,8000.0,4.0,9,,,,299000.0,,,,,,,,,,D,248.0,,,,,43.52561009978373,0.3922483352324126,,,Square Habitat Mirande,https://media.immo-facile.com/segments/immo/catalog/images/manufacturers_bareme/292236.pdf,,"Square habitat vous propose cette magnifique villa près du centre Mirande<br>Découvrez cette villa d'exception située au bout d'une impasse, offrant à la fois tranquillité et proximité avec le centre de Mirande. Avec une superficie généreuse d'environ 230 m², cette propriété est un véritable oasis de confort et de bien-être.<br>Caractéristiques principales :<br>4 chambres lumineuses, parfaites pour accueillir votre famille.<br>Un spacieux séjour de 66 m² avec insert, idéal pour des moments conviviaux et chaleureux.<br>Une terrasse ensoleillée pour profiter des repas en extérieur et des soirées d'été.<br>Un sous-sol complet avec garage, offrant de nombreuses possibilités de rangement ou d'aménagement.<br>Profitez également d'un jardin exceptionnel de 8000 m², un véritable écrin de verdure où vous pourrez vous détendre, jouer ou cultiver votre potager.<br>Ne manquez pas cette opportunité rare d'acquérir une villa spacieuse et lumineuse, alliant confort moderne et cadre naturel enchanteur. Contactez-nous dès maintenant pour planifier votre visite et laissez-vous séduire par votre futur chez-vous !<br>",,,13,2024-09-27 11:21:36.181192,2024-10-12,Active,bienici,chougar-kllisre_32_go-P69,,Oui,,,,,,49.0,D,1965.0,,,,,,,,,,,1300.0,,,,Agence,Square Habitat Crédit Agricole,Non,32.0,"['/mnt/My Book2/Data/Immo/photos/square-habitat-immo-facile-42942232__299000_43.5256_0.3922/photo_0.jpg', '/mnt/My Book2/Data/Immo/photos/square-habitat-immo-facile-42942232__299000_43.5256_0.3922/photo_1.jpg', '/mnt/My Book2/Data/Immo/photos/square-habitat-immo-facile-42942232__299000_43.5256_0.3922/photo_2.jpg', '/mnt/My Book2/Data/Immo/photos/square-habitat-immo-facile-42942232__299000_43.5256_0.3922/photo_3.jpg', '/mnt/My Book2/Data/Immo/photos/square-habitat-immo-facile-42942232__299000_43.5256_0.3922/photo_4.jpg', '/mnt/My Book2/Data/Immo/photos/square-habitat-immo-facile-42942232__299000_43.5256_0.3922/photo_5.jpg', '/mnt/My Book2/Data/Immo/photos/square-habitat-immo-facile-42942232__299000_43.5256_0.3922/photo_6.jpg', '/mnt/My Book2/Data/Immo/photos/square-habitat-immo-facile-42942232__299000_43.5256_0.3922/photo_7.jpg']"
immo-facile-56901383,,,,2788,Pro,Maison/Villa,,Vente,06140,6157.0,Vence,,Centre-ville,,,190.0,,5.0,7,individuel ,,,525000.0,,,,,,,,1.0,2.0,D,151.0,,,,,43.72270472855054,7.11055687587506,,,Ferrero Immobilier,https://media.immo-facile.com/segments/immo/catalog/images/manufacturers_bareme/6747.pdf,,"En plein coeur de Vence, maison de village sur 4 niveaux située dans une ruelle au calme et composée de:<br>Au rez-de-rue: entrée, chambre, salle d'eau avec WC.<br>Au 1er niveau: palier, bureau de 17m², 2 chambres, salle de bains avec WC et dressing. <br>Au 2nd niveau: salle à manger, cuisine indépendante, chambre avec salle de bains privative et WC indépendant.<br>Au 3ème niveau: salon de 34.5m² donnant sur une agréable terrasse, exposée Sud et bénéficiant d'une large vue panoramique vers la mer et les collines environnantes, de 15m².<br>Cette maison dispose aussi d'une cave en sous-sol du bâtiment de 15.90m²  ainsi que d'un garage de 35m² au rez-de-rue et avec un accès direct à la maison.<br>A deux pas de toutes les commodités.",,,11,2024-10-11 13:37:02.191279,2024-11-12,Active,bienici,chougar-kllisre_32_go-P119,,Oui,5.0,,,True,,33.0,D,,1.0,1.0,,,,,,,,Non,2763.158,,,Individuel,Agence,,Non,6.0,"['/mnt/My Book2/Data/Immo/photos/immo-facile-56901383__525000_43.7227_7.1106/photo_0.jpg', '/mnt/My Book2/Data/Immo/photos/immo-facile-56901383__525000_43.7227_7.1106/photo_1.jpg', '/mnt/My Book2/Data/Immo/photos/immo-facile-56901383__525000_43.7227_7.1106/photo_10.jpg', '/mnt/My Book2/Data/Immo/photos/immo-facile-56901383__525000_43.7227_7.1106/photo_2.jpg', '/mnt/My Book2/Data/Immo/photos/immo-facile-56901383__525000_43.7227_7.1106/photo_3.jpg', '/mnt/My Book2/Data/Immo/photos/immo-facile-56901383__525000_43.7227_7.1106/photo_4.jpg', '/mnt/My Book2/Data/Immo/photos/immo-facile-56901383__525000_43.7227_7.1106/photo_5.jpg', '/mnt/My Book2/Data/Immo/photos/immo-facile-56901383__525000_43.7227_7.1106/photo_6.jpg', '/mnt/My Book2/Data/Immo/photos/immo-facile-56901383__525000_43.7227_7.1106/photo_7.jpg', '/mnt/My Book2/Data/Immo/photos/immo-facile-56901383__525000_43.7227_7.1106/photo_8.jpg', '/mnt/My Book2/Data/Immo/photos/immo-facile-56901383__525000_43.7227_7.1106/photo_9.jpg']"
safti-1-1370112,,,,1370112,Pro,Maison/Villa,,Vente de prestige,92500,92063.0,Rueil-Malmaison,,Buzenval,,,102.0,116.0,4.0,5,gaz individuel ,,,845000.0,,,,,,,,,1.0,F,326.0,,,,,48.85845631688816,2.185132154394909,,,,https://bareme.safti.fr/,,"RUEIL-MALMAISON quartier Buzenval<br>A proximité des lycées Passy Buzenval, Daniélou, Richelieu, du collège Jules Verne et de l'école Pasteur,<br>Dans un environ calme, au cœur d'une résidence familiale, je vous propose cette maison d'environ 113 m2 (101,49 m2 loi carrez) de 5 pièces qui se compose comme suit :<br>au rez-de-chaussée, une entrée, un wc invités avec lave mains, un salon salle à manger et une cuisine équipée séparée (possibilité US) donnant sur un joli jardin privatif orienté plein sud d'environ 70 m2,<br>au 1er étage, un palier dessert 3 chambres (15 m2, 10 m2, 10 m2 environ) et une salle d'eau avec wc,<br>au 2ème étage, une chambre et un dressing avec un gros potentiel de réaménagement pour en faire une suite parentale.<br>En complément, un sous-sol total d'environ 45 m2 vous permettra de laisser cours à votre imagination (buanderie, salle de jeux, chambre d'appoint),<br>1 emplacement de parking couvert et privatif pour stationner sa voiture (résidence pré-équipée pour les voitures électriques)<br>Possibilité de garer un 2ème véhicule sur un parking extérieur sécurisé (placement libre) appartenant à la copropriété.<br>Le bien comprend 2 lots, et il est situé dans une copropriété de 58 lots (les charges courantes annuelles moyennes de copropriété sont de 873 € et le syndicat des copropriétaires ne fait pas l'objet d'une procédure citée à l'article L. 721-1 du code de la construction et de l'habitation).<br>Les informations sur les risques auxquels ce bien est exposé sont disponibles sur le site Géorisques : www.georisques.gouv.fr<br>Prix de vente : 845 000 €<br>Honoraires charge vendeur<br>Contactez votre conseiller SAFTI : David DEBS, Tél. : <span class=""importDescriptionDecorator"" data-type=""phone"">0680081763</span>, E-mail : <span class=""importDescriptionDecorator"" data-type=""email"">david.debs@safti.fr</span> - EI - Agent commercial immatriculé au RSAC de Nanterre sous le numéro 532 047 222",SAFTI - Monsieur David DEBS,,9,2024-10-11 13:37:01.812237,2024-11-12,Active,bienici,chougar-kllisre_32_go-P4,,Non,,,2.0,False,,72.0,F,1970.0,2.0,,,False,,,58.0,873.0,,Non,8284.313,Gaz,,Individuel,Mandataire,Safti,Non,92.0,"['/mnt/My Book2/Data/Immo/photos/safti-1-1370112__845000_48.8585_2.1851/photo_0.jpg', '/mnt/My Book2/Data/Immo/photos/safti-1-1370112__845000_48.8585_2.1851/photo_1.jpg', '/mnt/My Book2/Data/Immo/photos/safti-1-1370112__845000_48.8585_2.1851/photo_2.jpg', '/mnt/My Book2/Data/Immo/photos/safti-1-1370112__845000_48.8585_2.1851/photo_3.jpg', '/mnt/My Book2/Data/Immo/photos/safti-1-1370112__845000_48.8585_2.1851/photo_4.jpg', '/mnt/My Book2/Data/Immo/photos/safti-1-1370112__845000_48.8585_2.1851/photo_5.jpg', '/mnt/My Book2/Data/Immo/photos/safti-1-1370112__845000_48.8585_2.1851/photo_6.jpg', '/mnt/My Book2/Data/Immo/photos/safti-1-1370112__845000_48.8585_2.1851/photo_7.jpg', '/mnt/My Book2/Data/Immo/photos/safti-1-1370112__845000_48.8585_2.1851/photo_8.jpg']"
immo-facile-33572968,,,,909,Pro,Appartement,,Location,76240,76429.0,Le Mesnil-Esnard,,Le Mesnil-Esnard,,,16.0,,,1,radiateur gaz collectif ,,,328.0,,,,,,,,1.0,,E,280.0,,,,,49.4125160349719,1.13960004107664,,,LELOUP IMMOBILIER,http://media8.ac3-distribution.com/segments/immo/catalog/images/manufacturers_bareme/125224.pdf,,"MESNIL ESNARD LA CHATAIGNERAIE<br>A proximité de la route de Paris, dans petit immeuble, studio comprenant :séjour avec coin kitchenette équipée, salle d'eau (douche, lavabo et wc).<br>CHAUFFAGE ET EAUX COMPRIS DANS LES CHARGES.",,,4,2020-04-08 11:22:16.535248,2018-01-01,Active,bienici,chougar-kllisre_32_go-P168,,,1.0,,,,,66.0,F,,,,,,,False,,,,,20.5,Gaz,Radiateur,Collectif,Agence,,Non,76.0,"['/mnt/My Book2/Data/Immo/photos/immo-facile-33572968__350_49.4126_1.1398/photo_0.jpg', '/mnt/My Book2/Data/Immo/photos/immo-facile-33572968__350_49.4126_1.1398/photo_1.jpg', '/mnt/My Book2/Data/Immo/photos/immo-facile-33572968__350_49.4126_1.1398/photo_2.jpg', '/mnt/My Book2/Data/Immo/photos/immo-facile-33572968__350_49.4126_1.1398/photo_3.jpg', '/mnt/My Book2/Data/Immo/photos/immo-facile-33572968__350_49.4126_1.1398/photo_4.jpg']"
century-21-202_3122_4720,,,,4720,Pro,Appartement,,Location,78200,78361.0,Mantes-la-Jolie,,Centre-ville,,3.0,13.76,,1.0,2,Individuel Radiateur Electricité,,,550.0,,,,,,,0.0,1.0,0.0,E,293.0,,,,,48.99066435762435,1.7163178628333122,,,CENTURY 21 La Mantoise,https://www.century21-lm-mantes.com/mentions_legales/,,"Au coeur du centre ville de ses commerces et de ses animations, Century21 La Mantoise vous présente au dernier étage d'un petite résidence sécurisée, cet appartement duplex refait à neuf offrant: une entrée, une salle d'eau, un séjour avec coin cuisine, une belle mezzanine. Proche des transports en commun et de la gare. Libre de suite.",,,5,2023-10-07 11:56:55.723012,2024-08-11,Active,bienici,chougar-kllisre_32_go-P98,,,4.0,,0.0,,,8.0,B,,1.0,0.0,,False,,False,,,,Non,39.970932,Électrique,Radiateur,Individuel,Agence,Century 21,Non,78.0,"['/mnt/My Book2/Data/Immo/photos/century-21-202_3122_4720__550_48.9907_1.7163/photo_0.jpg', '/mnt/My Book2/Data/Immo/photos/century-21-202_3122_4720__550_48.9907_1.7163/photo_1.jpg', '/mnt/My Book2/Data/Immo/photos/century-21-202_3122_4720__550_48.9907_1.7163/photo_2.jpg', '/mnt/My Book2/Data/Immo/photos/century-21-202_3122_4720__550_48.9907_1.7163/photo_3.jpg', '/mnt/My Book2/Data/Immo/photos/century-21-202_3122_4720__550_48.9907_1.7163/photo_4.jpg']"
immo-facile-56307518,,,,10921,Pro,Maison/Villa,,Vente,61330,61075.0,Ceaucé,,Ceaucé,,,185.0,15799.0,5.0,8,radiateur individuel ,,,328000.0,,,,,,,,2.0,1.0,C,148.0,,,,,48.45259443290082,-0.6418154901554455,,,L'IMMOBILIER PAR REMI SERAIS - L'immobilier par Rémi SERAIS - Domfront,https://media.immo-facile.com/segments/immo/catalog/images/manufacturers_bareme/294633.pdf,,"Ref 10921 - 328 000€<br>Vous souhaitez une maison au calme sans vis à vis ni voisins proches. L'Immobilier par Rémi Serais vous a trouvé votre nouveau chez vous, à CEAUCE, en campagne, dans un cadre absolument charmant. <br>Cette belle longère en pierre sera idéale pour recevoir votre famille, amis ou pourquoi pas en faire un lieu d'accueil, gîte ou chambre d'hôtes.<br>Elle se compose d'une spacieuse pièce de vie avec son poêle à bois,  d'une cuisine récente aménagée et équipée, de 2 chambres dont une avec sa salle d'eau et wc ainsi qu'une 2ème salle d'eau.<br>A l'étage : une mezzanine vous offrant un très bel espace à utiliser à votre convenance, 3 chambres, un bureau et une salle de bains avec wc.<br>Une grande terrasse vous permettra de profiter pleinement et tranquillement de votre extérieur <br>La dépendance de 135m2 avec sa salle de jeu attenante de 35m2 vous offre un très beau potentiel d'aménagement ou de réception supplémentaire.<br>Appentis, Etang de 960m2, bois, jardin, le tout sur une parcelle totale de 1.6ha <br>Visite virtuelle disponible en cliquant sur ce lien : <br><span class=""importDescriptionDecorator"" data-url=""https://my.matterport.com/show/?m=8DjbPo8ZQdG"" data-type=""virtualTour"">https://my.matterport.com/show/?m=8DjbPo8ZQdG</span><br>Contactez nous pour une visite sans tarder !!",,,18,2024-09-14 12:15:00.614074,,Active,bienici,chougar-kllisre_32_go-P26,,Oui,2.0,,,,,4.0,A,1900.0,,,,,,,,,Oui,,1772.973,,Radiateur,Individuel,Agence,,Non,61.0,"['/mnt/My Book2/Data/Immo/photos/immo-facile-56307518__328000_48.4526_-0.6418/photo_0.jpg', '/mnt/My Book2/Data/Immo/photos/immo-facile-56307518__328000_48.4526_-0.6418/photo_1.jpg', '/mnt/My Book2/Data/Immo/photos/immo-facile-56307518__328000_48.4526_-0.6418/photo_10.jpg', '/mnt/My Book2/Data/Immo/photos/immo-facile-56307518__328000_48.4526_-0.6418/photo_11.jpg', '/mnt/My Book2/Data/Immo/photos/immo-facile-56307518__328000_48.4526_-0.6418/photo_2.jpg', '/mnt/My Book2/Data/Immo/photos/immo-facile-56307518__328000_48.4526_-0.6418/photo_3.jpg', '/mnt/My Book2/Data/Immo/photos/immo-facile-56307518__328000_48.4526_-0.6418/photo_4.jpg', '/mnt/My Book2/Data/Immo/photos/immo-facile-56307518__328000_48.4526_-0.6418/photo_5.jpg', '/mnt/My Book2/Data/Immo/photos/immo-facile-56307518__328000_48.4526_-0.6418/photo_6.jpg', '/mnt/My Book2/Data/Immo/photos/immo-facile-56307518__328000_48.4526_-0.6418/photo_7.jpg', '/mnt/My Book2/Data/Immo/photos/immo-facile-56307518__328000_48.4526_-0.6418/photo_8.jpg', '/mnt/My Book2/Data/Immo/photos/immo-facile-56307518__328000_48.4526_-0.6418/photo_9.jpg']"
citya-immobilier-10245-GES00340101-79,,,,GES00340101-79,Pro,Appartement,,Location,78120,78517.0,Rambouillet,,Centre-ville,,1.0,26.89,,0.0,1,Radiateur Electrique Individuel ,,,680.0,,,,,,,0.0,0.0,1.0,,,,,,,48.644144,1.825564,,,Citya Royale,https://www.citya.com/nos-agences/32426/rambouillet/nos-tarifs/location,,"EXCLUSIVITÉ - CENTRE VILLE
CITYA ROYALE vous propose à la location cet appartement T1 de 26,89 m²,  à RAMBOUILLET (78120). 
Le bien se trouve en plein Centre-ville, proche de toutes commodités. Côté transports, on trouve une gare à quelques pas de l'appartement. Enfin le marché Place Roux anime le quartier toutes les semaines.
Venez découvrir de magnifique studio avec terrasse composé d'une grande pièce principale lumineuse, d'une cuisine aménagée, d'un dégagement avec rangement et d'une salle de bains avec WC. 
La résidence possède un chauffage individuel électrique.
En complément de ces prestations, une cave et une place de parking vous sont attribuées. 

Découvrez toutes les originalités de cet appartement à louer en prenant RDV avec votre agence Citya Rambouillet.
Contactez nous au <span class=""importDescriptionDecorator"" data-type=""phone"">01.34.83.03.15</span> du Lundi au Vendredi de 9h à 12h30 et de 14h à 18h30 et le Samedi de 9h à 12h et de 14h à 18h pour visiter cet appartement le plus rapidement possible. Le bien est soumis au statut de la copropriété. 
 Loyer de 680,00 euros par mois charges comprises dont 30,00 euros par mois de provision pour charges (soumis à la régularisation annuelle). 
 Soit avec Assurance Habitation et Assistance* ( 12.00 euros ) : 692,00 euros. 
 Les honoraires charge locataire sont de 295,79 euros ( soit 11,00 euros/m² ) dont 80,67 euros pour état des lieux ( soit 3,00 euros/m² ). 
 Vous pouvez consulter les barèmes d'honoraires à l'adresse suivante : 
 <span class=""importDescriptionDecorator"" data-url=""https://www.citya.com/nos-agences/32426/rambouillet/nos-tarifs/location"" data-type=""agencyFeeUrl"">https://www.citya.com/nos-agences/32426/rambouillet/nos-tarifs/location</span> 
 *Service facultatif. Contribution annuelle ""attentats"" non comprise. Voir conditions en agence.",,,9,2020-07-16 11:41:06.181652,2018-01-01,Active,bienici,chougar-kllisre_32_go-P186,,,,,1.0,,,,,,,0.0,,,,True,,,,,25.288212,Électrique,Radiateur,Individuel,Agence,Citya Immobilier,Non,78.0,"['/mnt/My Book2/Data/Immo/photos/citya-immobilier-10245-GES00340101-79__770_48.6441_1.8256/photo_0.jpg', '/mnt/My Book2/Data/Immo/photos/citya-immobilier-10245-GES00340101-79__770_48.6441_1.8256/photo_1.jpg', '/mnt/My Book2/Data/Immo/photos/citya-immobilier-10245-GES00340101-79__770_48.6441_1.8256/photo_2.jpg', '/mnt/My Book2/Data/Immo/photos/citya-immobilier-10245-GES00340101-79__770_48.6441_1.8256/photo_3.jpg', '/mnt/My Book2/Data/Immo/photos/citya-immobilier-10245-GES00340101-79__770_48.6441_1.8256/photo_4.jpg', '/mnt/My Book2/Data/Immo/photos/citya-immobilier-10245-GES00340101-79__770_48.6441_1.8256/photo_5.jpg']"
immo-facile-55922847,,,,SH2YNNER4,Pro,Maison/Villa,,Location,92000,92050.0,Nanterre,,Plateau,,,100.0,50.0,3.0,5,radiateur électrique individuel ,,,2950.0,,,,,,,,1.0,1.0,NS,,,,,,48.88272121524334,2.220297995532543,,,,,,"RÉFERÉNCE : SH2YNNER4<br>2Y Foncier Conseil vous propose, à NANTERRE , une maison en copropriété de 100m2. Elle se compose comme suit :<br>Au rez-de-chaussée ; un grand séjour avec cuisine aménagée et équipée ouverte donnant sur un jardin, un W.C séparé, ainsi qu'un accès au garage. <br>A l'étage, une suite parentale avec salle d'eau privative, une chambre double, une salle de bain avec baignoire.<br>Au deuxième étage, des combles aménagés en chambre.<br>Ce bien vous offre également un jardin de 50m2 et 2 places de parking.<br>Honoraires locataire Bail'Loi 89': 12 eurosTTC / m² + état des lieux: 3 euros TTC / m²<br>Honoraires Locataire Bail'Code civil': 20% du loyer annuel Hors Charges + TVA.<br>",,,11,2024-08-02 16:19:54.141106,,Active,bienici,chougar-kllisre_32_go-P9,,,,,2.0,,,,VI,,2.0,,,,,,,,Oui,,29.5,Électrique,Radiateur,Individuel,Agence,,Non,92.0,"['/mnt/My Book2/Data/Immo/photos/immo-facile-55922847__2800_48.8827_2.2203/photo_0.jpg', '/mnt/My Book2/Data/Immo/photos/immo-facile-55922847__2800_48.8827_2.2203/photo_1.jpg', '/mnt/My Book2/Data/Immo/photos/immo-facile-55922847__2800_48.8827_2.2203/photo_10.jpg', '/mnt/My Book2/Data/Immo/photos/immo-facile-55922847__2800_48.8827_2.2203/photo_2.jpg', '/mnt/My Book2/Data/Immo/photos/immo-facile-55922847__2800_48.8827_2.2203/photo_3.jpg', '/mnt/My Book2/Data/Immo/photos/immo-facile-55922847__2800_48.8827_2.2203/photo_4.jpg', '/mnt/My Book2/Data/Immo/photos/immo-facile-55922847__2800_48.8827_2.2203/photo_5.jpg', '/mnt/My Book2/Data/Immo/photos/immo-facile-55922847__2800_48.8827_2.2203/photo_6.jpg', '/mnt/My Book2/Data/Immo/photos/immo-facile-55922847__2800_48.8827_2.2203/photo_7.jpg', '/mnt/My Book2/Data/Immo/photos/immo-facile-55922847__2800_48.8827_2.2203/photo_8.jpg', '/mnt/My Book2/Data/Immo/photos/immo-facile-55922847__2800_48.8827_2.2203/photo_9.jpg']"
